{
  "id": "wonderscape",
  "title": "Wonderscape",
  "description": "A module for Theater of the Mind scene generation, using OpenAI",
  "version": "1.0.1",
  "compatibility": {
    "minimum": "10",
    "verified": "12"
  },
  "authors": [
    {
      "name": "arte-synth",
      "email": "arte.synth@gmail.com",
      "url": "https://ko-fi.com/arte_synth"
    }
  ],
  "esmodules": [
    "vendor.mjs",
    "wonderscape.mjs"
  ],
  "styles": [
    "styles/scene-generator.css"
  ],
  "languages": [
    {
      "lang": "en",
      "name": "English",
      "path": "lang/en.json"
    }
  ],
  "url": "https://github.com/arte-synth/wonderscape",
  "manifest": "https://github.com/arte-synth/wonderscape/releases/latest/download/module.json",
  "download": "https://github.com/arte-synth/wonderscape/releases/latest/download/wonderscape.zip"
} 